row_id,gold,arg_pred,flat_pred,category,arg_dist,flat_dist,n_queries_arg,statement
14,True,True,Barely-true,arg_only_right,0,3,3,"""Senator McCain voted against the Bush tax cuts. Now he's for them."""
31,True,Mostly-true,False,both_wrong_different,1,4,3,"""Tommy Thompson created the first school choice program in the nation, giving thousands of Milwaukee students the choice of where they go to school – no matter where they live or how much money their parents make."""
42,Barely-true,Mostly-true,Half-true,both_wrong_different,2,1,3,"""I brought down crime more than anyone in this country -- maybe in the history of this country -- while I was mayor of New York City."" -"
44,Mostly-true,False,False,both_wrong_same,3,3,3,"""Bill Richardson passed the first law in the nation giving National Guard soldiers $400,000 in life insurance."""
66,True,True,Half-true,arg_only_right,0,2,3,"Poor people go to a ""payday lender...and they pay 300, 400, 500 percent interest."""
369,False,Pants-fire,Barely-true,both_wrong_different,1,1,3,"""As has been noted by many observers, including Bill Clinton's former secretary of labor, my plan does more than anybody to reduce costs."""
386,Mostly-true,Mostly-true,False,arg_only_right,0,3,4,"""I committed to public financing; (Obama) committed to public financing."""
422,Half-true,Half-true,False,arg_only_right,0,2,3,"""I did very well with young people in Ohio, Massachusetts, California."""
458,Pants-fire,False,Barely-true,both_wrong_different,1,2,3,"McCain says the price of a gas tax ""holiday"" would be about the same as ""a Bridge to Nowhere (or) another pork barrel project."""
512,True,Mostly-true,Barely-true,both_wrong_different,1,3,2,"""John McCain decided to stand with George Bush 95 percent of the time (last year)."""
570,Half-true,Half-true,False,arg_only_right,0,2,3,"Obama ""voted for and even sponsored amendments that were intended to kill the (immigration overhaul) legislation."""
605,False,False,False,both_correct,0,0,3,"""Senator Obama has voted 94 times to either increase your taxes or against tax cuts."""
624,True,False,False,both_wrong_same,4,4,4,"McCain is ""raising campaign cash with one of (Jack) Abramoff's closest business partners: scandal-plagued conservative activist Ralph Reed."""
663,Pants-fire,False,False,both_wrong_same,1,1,2,"McCain's energy plan is a ""single-answer proposition"" — new domestic oil drilling."
664,False,Pants-fire,False,flat_only_right,1,0,4,"McCain ""still thinks it's okay when women don't earn equal pay for equal work."""
671,True,False,False,both_wrong_same,4,4,4,"Three years ago, John McCain said, ""Afghanistan — we don't read about it anymore in papers because it succeeded."""
677,True,Mostly-true,False,both_wrong_different,1,4,2,"Sarah Palin ""has had 12 years of elected office experience."""
686,False,False,False,both_correct,0,0,4,"In the U.S. Senate, Barack Obama ""has not reached across party lines to get anything significant done."""
714,Mostly-true,False,False,both_wrong_same,3,3,4,"Sarah Palin was repeating ""Abraham Lincoln's words"" in discussing the war in Iraq."
794,Half-true,Mostly-true,Barely-true,both_wrong_different,1,1,2,"""I wrote to Secretary Paulson, I wrote to Federal Reserve Chairman Bernanke [in March 2007], and told them this is something we have to deal with, and nobody did anything about it."""
916,Pants-fire,Pants-fire,False,arg_only_right,0,1,2,"The stimulus bill includes ""$300,000 for a sculpture garden in Miami."""
975,True,True,False,arg_only_right,0,4,3,"Obama's budget plan would ""take national debt up to about 80 percent of gross national product. ... Historically, it's been about 40 percent."""
1011,Barely-true,Pants-fire,False,both_wrong_different,2,1,2,"The economic stimulus bill created a council that's ""modeled after the national board that controls Britain’s health system."""
1044,Pants-fire,Pants-fire,False,arg_only_right,0,1,4,"""If you actually took the number of Muslims [sic] Americans, we'd be one of the largest Muslim countries in the world."""
1052,True,True,False,arg_only_right,0,4,2,"""Obama has more czars than the Romanovs."""
1075,Barely-true,Half-true,False,both_wrong_different,1,1,2,"Mitch McConnell opposed ""legislation to create and protect Kentucky jobs . . . help for the unemployed. . .  health care for Kentucky's children,"" and ""fair pay for women."""
1095,Pants-fire,False,False,both_wrong_same,1,1,3,The health care reform bill -- on Page 16 -- outlaws private insurance.
1112,Half-true,Half-true,Barely-true,arg_only_right,0,1,3,"""As many as 22,000 Americans die each year because they don’t have health insurance."""
1130,True,False,False,both_wrong_same,4,4,4,"The health care plan for members of Congress ""is no better than the janitor who cleans their offices."""
1234,False,False,False,both_correct,0,0,1,All the talk about socialism during the campaign made young people more interested in it by Election Day.
1246,Mostly-true,Mostly-true,False,arg_only_right,0,3,5,"Forty percent of gross domestic product ""is state, local, or federal money."""
1251,True,Mostly-true,Barely-true,both_wrong_different,1,3,2,Health care premiums for consumers have doubled since 2001.
1324,Barely-true,Barely-true,False,arg_only_right,0,1,3,"""The Stupak Amendment doesn't just say you can't use your federal insurance subsidy to pay for an abortion, it says, if you're getting a federal subsidy of any kind, you're not allowed to buy an insurance plan that covers abortion even with your own money."""
1412,Pants-fire,Pants-fire,False,arg_only_right,0,1,2,"There are ""high administrative costs"" when you donate to Haiti relief through the White House Web site."
1414,False,Pants-fire,False,flat_only_right,1,0,3,"The Democrats' health care bills would provide ""free health care for illegal immigrants."""
1439,Half-true,Half-true,False,arg_only_right,0,2,3,"“Under (Rick Perry’s) watch as governor, over six million Texans have no health care coverage, including one million children, homeowners suffer from the highest insurance rates in the country, and college tuition has skyrocketed 136 percent.”"
1477,False,False,False,both_correct,0,0,3,"On the new dollar coins, ""'In God We Trust' is gone!"""
1502,Half-true,Pants-fire,False,both_wrong_different,3,2,2,"The stimulus includes ""$7 million to build a bridge in Thedford, Nebraska, to help 168 residents avoid a 30-second wait at a local train crossing. Not one full-time job will be created."""
1514,Barely-true,Pants-fire,False,both_wrong_different,2,1,3,"""Bill McCollum said tax cuts don't work."""
1569,Mostly-true,Mostly-true,Half-true,arg_only_right,0,1,2,"""When we started this health care debate a year ago, 85 percent of the American people had health insurance, and 95 percent of the 85 percent were happy with it."""
1591,Pants-fire,Pants-fire,False,arg_only_right,0,1,4,"People ""can't go fishing anymore because of Obama."""
1597,Half-true,Half-true,False,arg_only_right,0,2,5,"St. Pete Beach's experiences are a ""fair example"" of what could happen if Amendment 4 passes."
1605,Pants-fire,False,False,both_wrong_same,1,1,2,"The Democratic health care plan is a ""government takeover of nearly 20 percent of our economy."""
1616,Half-true,Half-true,False,arg_only_right,0,2,3,"""Last week the Texas State Board of Education (SBOE), led by Rick Perry's appointee, voted to remove Thomas Jefferson from social studies textbook standards. That's right. Thomas Jefferson... was deleted from a list of historical figures who inspired political change."""
1660,Half-true,Pants-fire,False,both_wrong_different,3,2,4,"""If every house in Florida had a solar-heated water tank, that would eliminate consumption by 17 percent."""
1844,Half-true,Half-true,False,arg_only_right,0,2,3,"""The Democratic Congress has already taken significant steps to create jobs and jump-start the economy, resulting in the lowest tax rates in over 50 years and the creation of over 500,000 new jobs so far this year."""
1900,Mostly-true,Mostly-true,False,arg_only_right,0,3,1,"John McCain ""voted against the tax cuts of 2001 and 2003, wrongly claiming they helped only the rich."""
1942,Mostly-true,False,False,both_wrong_same,3,3,1,"The Tampa Bay Rays' ""prices have been judged the most affordable in all of professional sports."""
2046,Mostly-true,Mostly-true,False,arg_only_right,0,3,2,"Under President George W. Bush, the U.S. had ""52 months of ... uninterrupted job creation"" and ""revenues were at an all-time high in 2007."""
2060,Mostly-true,Mostly-true,Half-true,arg_only_right,0,1,2,"""We went from losing 3 million jobs in the last six months of the Bush Administration,"" adding almost 600,000 private sector jobs in the first six months of the year."
2074,Mostly-true,True,False,both_wrong_different,1,3,2,"As a Congressman, J.D. Hayworth was an avid earmarker who supported such pork as ""$220,000 to renovate a Maine Blueberry farm"" and ""$5.8 million for a Vermont snowmobile trail."""
2094,True,True,False,arg_only_right,0,4,1,"House Republicans who complained they didn't have enough time to consider a constitutional ban against oil drilling ""shoved through a proposal in just a few days to open state waters to oil drilling."""
2214,True,Mostly-true,False,both_wrong_different,1,4,2,"""I've taken on the federal government and won."""
2238,True,True,Half-true,arg_only_right,0,2,3,"""The unemployment rate for folks who've never gone to college is almost double what it is for those who have."""
2239,False,False,False,both_correct,0,0,1,"Pam Bondi ""refuses to take a position on the gay-adoption ban."""
2252,Half-true,Mostly-true,False,both_wrong_different,1,2,3,Republicans tried to block the deficit commission.
2284,Pants-fire,Pants-fire,False,arg_only_right,0,1,3,"""The government is trying to now close the Lincoln Memorial for any kind of large gatherings."""
2296,True,Mostly-true,False,both_wrong_different,1,4,3,"In Rhode Island ""there are 150 different pension plans for public workers."""
2340,Half-true,Half-true,False,arg_only_right,0,2,4,"Georgia's U.S. senators voted for legislation that would ""gut clean air protections and increase oil dependence."""
2358,Barely-true,Pants-fire,False,both_wrong_different,2,1,2,"The Richardson-Denish administration ""gave"" 50,000 driver's licenses to illegal immigrants in New Mexico."
2384,Half-true,Half-true,False,arg_only_right,0,2,3,"Clayton County has employed 1,300 people over the past seven months through the Neighborhood Stabilization Program."
2402,True,Half-true,False,both_wrong_different,2,4,3,"Ed Schultz said Alan Grayson is ""what it's all about."""
2408,Barely-true,Pants-fire,False,both_wrong_different,2,1,2,"Tom Barrett ""voted for the largest tax increase in history ... raising taxes on gas and Social Security."""
2424,Pants-fire,Pants-fire,False,arg_only_right,0,1,1,"""Ganley said that if elected, he wants to ‘cut the dickens’ out of Social Security, Medicare and Veterans’ benefits."""
2442,Pants-fire,Pants-fire,False,arg_only_right,0,1,3,"A bill by Earl Blumenauer would ""mandate GPS tracking devices on all our vehicles."""
2454,Barely-true,Pants-fire,False,both_wrong_different,2,1,3,"State pension fund staffers ""lost billions. Then Sink gave them bonuses."""
2528,Pants-fire,False,False,both_wrong_same,1,1,3,Says Sal Esquivel wants a 5 percent state sales tax on groceries.
2547,True,Mostly-true,False,both_wrong_different,1,4,2,"""I said no to these big bank bailouts."""
2626,False,Pants-fire,False,flat_only_right,1,0,3,"Says Christopher Little has ""a history of working against environmental protection by defending the worst types of corporate polluters"""
2699,False,Pants-fire,False,flat_only_right,1,0,4,"""When President, then candidate, Obama was asked to disclose some of his donors because there was suspicion of their being the foreign source of money into his campaign, they refused to do it."""
2724,True,Mostly-true,False,both_wrong_different,1,4,4,"""Most of the jobs that we lost were lost before the economic policies we put in place had any effect."""
2728,Pants-fire,Pants-fire,False,arg_only_right,0,1,3,"Says Republican gubernatorial candidate Scott Walker ""increased his own pay by $50,000."""
2731,Mostly-true,Mostly-true,False,arg_only_right,0,3,3,"""We have empowered state insurance commissioners to review the rate hikes that are taking place in states. And in some states like North Carolina, they have already used it and rolled back premium increases by 25 percent."""
2738,False,False,False,both_correct,0,0,2,"State House incumbent Jill Chambers, R-Atlanta, ""personally profits from taxpayer money."""
2768,False,False,False,both_correct,0,0,2,"""If all of the [Bush-era] tax cuts expire on schedule, the budget will be close to being balanced in four years."""
2769,True,True,False,arg_only_right,0,4,1,"""Georgia has the second-highest rate of childhood obesity in the United States."""
2857,True,False,False,both_wrong_same,4,4,3,"""Demand for transportation choice is on the rise, with 14 percent more Ohioans riding passenger trains over the past year."""
2876,Mostly-true,Mostly-true,Barely-true,arg_only_right,0,2,3,"""Ohio ranks 46th in the country in putting dollars in the classroom."""
2879,Half-true,Barely-true,False,both_wrong_different,1,2,2,"Low-flow toilets ""can cost homeowners up to $1,000 each."""
2897,Barely-true,Pants-fire,False,both_wrong_different,2,1,2,Says he got twice as much money from the sale of County Grounds land than Milwaukee County Executive Scott Walker was willing to accept.
2908,Pants-fire,Pants-fire,False,arg_only_right,0,1,3,"""There’s talk in Congress now about basically confiscating your private 401(k) or IRA plan and rolling it into Social Security to strengthen Social Security."""
2918,Pants-fire,Pants-fire,False,arg_only_right,0,1,2,"Says Joe Straus ""was co-author of a bill that would have allowed Planned Parenthood to control public school sex education."""
2949,False,False,False,both_correct,0,0,3,"""Last year, ExxonMobil made $19 billion in profit. Guess what. They paid zero in taxes. They got a $156 million refund from the IRS."""
2958,False,Pants-fire,False,flat_only_right,1,0,2,"Beaverton ""enjoys the most diverse population (by percentage of population) among Oregon cities."""
2983,True,Mostly-true,False,both_wrong_different,1,4,3,Four out of 10 homicides are committed by gun in this city.
2993,Mostly-true,Mostly-true,False,arg_only_right,0,3,3,"""In 1981, Matagorda, Brazoria, and Galveston Counties all opted out of the Social Security program for their employees. Today, their program is very, very well-funded and there is no question about whether it’s going to be funded in"" years to come."
3027,Half-true,Half-true,False,arg_only_right,0,2,2,"""There hasn't really been a lot of net growth in the federal workforce when you compare it to say, 1990."""
3161,Mostly-true,Mostly-true,Half-true,arg_only_right,0,1,3,"""From 1980 to 1990, the top 1 percent saw their income go up by roughly 80 percent"" while ""the median wage in the country over (the same) 10 years went up 3 percent."""
3194,False,False,False,both_correct,0,0,4,Property tax exemptions can be granted to small businesses that move into Milwaukee County.
3219,False,False,False,both_correct,0,0,3,"""Today there are more men and women out of work in America than there are people working in Canada."""
3257,True,False,False,both_wrong_same,4,4,3,"""We have 80,000 abortions in Texas every year."""
3273,Pants-fire,False,False,both_wrong_same,1,1,2,"Says under his budget-repair bill, ""collective bargaining is fully intact."""
3284,Mostly-true,Half-true,Barely-true,both_wrong_different,1,2,6,"""The president promised to close the space gap, but he now seems intent on repeating the events that created the space gap in the first place -- putting in place a new rocket design and then trying to underfund the effort..."""
3330,Barely-true,False,Barely-true,flat_only_right,1,0,6,Says Tri-Rail shows the potential problems with investing in high-speed rail.
3414,False,False,False,both_correct,0,0,3,"""We now work the longest hours of any people around the world."""
3422,False,False,False,both_correct,0,0,3,"Says the state’s budget shortfall is ""not that much different"" than it was in 2003."
3472,Half-true,Pants-fire,False,both_wrong_different,3,2,3,"""About 22 percent of adults in Rhode Island and approximately 30 percent of youth (ages 10-17) are considered obese."""
3478,True,True,Barely-true,arg_only_right,0,3,3,The hour of sleep you lose during the change to daylight saving time might initially pose some health risks.
3580,Barely-true,False,False,both_wrong_same,1,1,4,"A Republican proposal changes Medicare for those under age 55 so that they will  ""participate in the same kind of health plan that members of Congress do."""
3625,Mostly-true,Mostly-true,Half-true,arg_only_right,0,1,2,"Says Texas routinely gets ""a lot more federal spending"" than it pays in taxes."
3675,Pants-fire,False,Half-true,both_wrong_different,1,3,1,"Says that while his plan would narrow the time for early voting, ""it still will be one of the most aggressive early voting time frames in America."""
3706,Pants-fire,Pants-fire,False,arg_only_right,0,1,2,"Says people in Africa ""literally walk two and three hundred miles"" in order to vote."
3741,Barely-true,Pants-fire,False,both_wrong_different,2,1,2,"About two-thirds of Medicaid beneficiaries are children, but they account for one-third of the program’s cost, while one-third are elderly, and they account for two-thirds of the cost."
3864,Pants-fire,Pants-fire,False,arg_only_right,0,1,2,"Michigan and Massachusetts raised their bottle deposit and ""could no longer afford the program because the redemptions were so high there was no profit in there."""
3890,Pants-fire,False,False,both_wrong_same,1,1,3,Accuses President Barack Obama of making contradictory claims about efforts to kill Osama bin Laden in 2008 and 2011.
3914,Half-true,False,False,both_wrong_same,2,2,3,"Says 1,000 World War II veterans die every day."
3994,Pants-fire,Pants-fire,False,arg_only_right,0,1,3,"Phil Puckett ""voted no on sending the EPA a message that they’ve gone too far not once, but twice."""
4103,Mostly-true,Mostly-true,False,arg_only_right,0,3,2,"Says for the first time in the history of the United States, the government cut taxes during wartime"
4119,Mostly-true,Half-true,False,both_wrong_different,1,3,3,"""Eighty percent of the American people support an approach (to federal budget problems) that includes revenues and includes cuts."""
4134,False,Pants-fire,Barely-true,both_wrong_different,1,1,2,"""Your tax dollars are not being used to sue you, the people."""
4141,Half-true,Barely-true,False,both_wrong_different,1,2,4,"Says that, unlike the U.S. Senate, ""even the Libyan government, in the middle of a civil war, passed a budget on June 15, 2011"""
4175,Half-true,Mostly-true,Barely-true,both_wrong_different,1,1,4,"""The nonpartisan CBO, Congressional Budget Office, has said that the No. 1 policy decision that brought us to the need to prevent the nation from defaulting on our debt for the first time in history were the Bush tax cuts in 2001 and 2003."""
4200,Half-true,Pants-fire,Pants-fire,both_wrong_same,3,3,3,"""Our government has spent $2.6 million to teach Chinese prostitutes how to drink responsibly."""
4242,Half-true,Barely-true,False,both_wrong_different,1,2,4,"Says Obama has never submitted a budget, and Congress has worked for two years without passing one."
4250,Pants-fire,False,False,both_wrong_same,1,1,3,"Says state Rep. Sandy Pasch, her recall opponent, ""voted to allow public school employees to use taxpayer dollars to pick up the tab for…Viagra."""
4259,True,Mostly-true,False,both_wrong_different,1,4,2,"""One in every five families in the state of New Jersey has a loved one with a mental illness, a serious mental illness, and today, we don’t care."""
4323,Mostly-true,False,False,both_wrong_same,3,3,2,"""When lenders foreclose on homes, they typically suffer losses that exceed 30 percent of the value of the home."""
4342,False,Pants-fire,False,flat_only_right,1,0,4,"Says Texas gained 21,000 doctors due to tort reform."
4352,True,True,False,arg_only_right,0,4,3,"""The estimated savings of this (debt ceiling) deal only pay for half of the cost of extending all of the Bush-era tax cuts for another decade."""
4378,Pants-fire,Pants-fire,Pants-fire,both_correct,0,0,2,"U.S. Reps. Hank Johnson, John Lewis and other members of the Congressional Progressive Caucus are ""socialists who are openly serving in the U.S. Congress."""
4396,Mostly-true,Half-true,Barely-true,both_wrong_different,1,2,2,"Takes credit for ""substantially reducing the size of the state workforce."""
4402,Barely-true,Pants-fire,False,both_wrong_different,2,1,3,"""Congressman Bill Young voted to cut taxes for millionaires and end your Medicare."""
4408,Mostly-true,Mostly-true,False,arg_only_right,0,3,3,"Says Democratic U.S. Senate candidate Tammy Baldwin ranks ""as the most liberal member of the House."""
4444,Mostly-true,Pants-fire,False,both_wrong_different,4,3,4,"Mitt Romney ""drove to Canada with the family dog Seamus strapped to the roof of the car."""
4455,False,Pants-fire,False,flat_only_right,1,0,2,"Says CNN's Wolf Blitzer was wrong to say that ""the wealthiest Americans, they pay the most in taxes already -- 50 percent of Americans don't even pay any federal income tax."""
4466,Half-true,False,False,both_wrong_same,2,2,4,Says he did not support the October 2008 legislation to rescue Wall Street firms.
4483,Pants-fire,False,False,both_wrong_same,1,1,2,"Says ""our taxes have doubled"" with Rick Perry in office."
4537,Mostly-true,Mostly-true,False,arg_only_right,0,3,2,"""My home state since June of 2009 created 40 percent of the new jobs in America."""
4581,Barely-true,Pants-fire,False,both_wrong_different,2,1,2,"Says El Paso was named America’s ""Safest Large City"" a year after San Antonio, Houston and Dallas had the nation’s highest crime rates."
4588,True,True,False,arg_only_right,0,4,4,"Says he ""came to the Republican Party sooner in age"" than Ronald Reagan."
4658,Pants-fire,False,False,both_wrong_same,1,1,3,"Says the national heath care reform is ""a government takeover of health care."""
4709,Barely-true,Pants-fire,False,both_wrong_different,2,1,2,"""In the Patient Protection and Affordable Care Act, it was the Democrats who cut $500 billion from Medicare. And they also put in place the Independent Payment Advisory Board, 15 unelected bureaucrats, which will be making decisions about health care for our seniors and for all Americans."""
4719,Half-true,True,False,both_wrong_different,2,2,2,"Proposition 2 on November’s Texas ballot ""does not cost state taxpayers any money."""
4823,Barely-true,False,False,both_wrong_same,1,1,3,Says the Simpson-Bowles deficit reduction proposal urged raising $2 trillion in new revenue.
4837,False,Pants-fire,False,flat_only_right,1,0,3,"Says Mahmoud Ahmadinejad said that ""if he has a nuclear weapon he will use it to wipe Israel off the face of the earth. He will use it against the United States of America."""
4841,Mostly-true,True,False,both_wrong_different,1,3,3,"Says she ""brought together business, labor and hospitals to give 94,000 Oregon children health care."""
4854,Mostly-true,True,False,both_wrong_different,1,3,4,Says Mitt Romney has flip-flopped on his support for President Reagan’s policies.
4873,Mostly-true,Half-true,False,both_wrong_different,1,3,1,"""A part-time Congress with half the pay would still make $38,000 a year more than the average American family."""
4982,True,False,False,both_wrong_same,4,4,4,Says King Street Patriots held a fundraiser featuring an author who believes that registering the poor to vote is un-American.
4995,True,True,False,arg_only_right,0,4,1,"""I've done more impeachments than anybody else in the history of the country."""
5023,Mostly-true,Mostly-true,False,arg_only_right,0,3,1,"""We have one of the highest percentages per capita of nonprofits in this state of any state in the union."""
5033,True,Mostly-true,Barely-true,both_wrong_different,1,3,3,"""I was one of about a dozen (senators) who voted against the Bridge to Nowhere."""
5053,Half-true,Mostly-true,Barely-true,both_wrong_different,1,1,4,"Says he has ""been able to attract independents and Democrats to win"" elections in Pennsylvania."
5072,Half-true,False,False,both_wrong_same,2,2,4,"Congress gave an unelected board ""the power to deny care to seniors."""
5087,False,Pants-fire,False,flat_only_right,1,0,2,"Eliminating ""Obamacare"" ... ""saves $95 billion a year."""
5091,False,False,False,both_correct,0,0,1,"Says the Simpson-Bowles deficit reduction proposal went from President Barack Obama's desk to ""the garbage can."""
5131,Mostly-true,Mostly-true,False,arg_only_right,0,3,1,"The education tax burden for Shelby County -- and Tennessee -- is ""one of the lowest in the country."""
5156,True,False,False,both_wrong_same,4,4,3,"Says she got unions to agree to ""about $10 million in reduction"" of salaries and health benefits while serving as Dane County executive in Wisconsin."
5229,Half-true,Barely-true,False,both_wrong_different,1,2,2,"""When I was fighting against cap and trade, the speaker was sitting down with Nancy Pelosi on a sofa encouraging it."""
5342,Barely-true,False,False,both_wrong_same,1,1,4,"The polls ""show over half of Americans identify themselves as being pro-life."""
5348,False,Pants-fire,False,flat_only_right,1,0,3,"""You're supposed to throw away your shoes"" if mercury from a broken CFL light bulb gets on them."
5371,False,Pants-fire,False,flat_only_right,1,0,5,Says Mitt Romney supports cap and trade.
5385,True,True,False,arg_only_right,0,4,3,"Says Scott Walker enacted ""the biggest cuts to education in our state’s history."""
5398,True,True,Half-true,arg_only_right,0,2,2,"""Florida ranks 45th"" in the nation for tuition."
5423,True,True,False,arg_only_right,0,4,3,"Florida is ""the largest dog-racing state in the country."""
5521,True,True,False,arg_only_right,0,4,3,"""Ohio is not meeting its obligation to update voter registrations when voters change their address with the BMV."""
5536,Half-true,Mostly-true,Barely-true,both_wrong_different,1,1,2,"Says ""my plan is a property tax cut."""
5613,True,True,Half-true,arg_only_right,0,2,4,"""The poorest in this country are women."""
5637,Barely-true,False,False,both_wrong_same,1,1,2,"""The (Jackson) plan (for reforming Cleveland schools) lacks any data or methods proven to raise student achievement."""
5643,Barely-true,False,False,both_wrong_same,1,1,3,"""We've had the same leadership in the Travis County DA's office for 30 years."""
5653,Pants-fire,False,False,both_wrong_same,1,1,5,"A bill that could restrict free speech when the president is nearby was signed by President Barack Obama ""in secret."""
5664,Pants-fire,Pants-fire,False,arg_only_right,0,1,3,"Says Ohio Treasurer Josh ""Mandel first claimed bank fraud in June 2010 but did nothing for more than a year while raising money for his (Republican) Senate campaign."""
5671,False,Pants-fire,False,flat_only_right,1,0,2,"""I think it’s seven or eight of the California system of universities don’t even teach an American history course. It’s not even available to be taught."""
5693,False,False,False,both_correct,0,0,2,"Says Wisconsin women facing pay discrimination can't ""do something about it"" under bill passed by Republicans."
5726,Barely-true,False,False,both_wrong_same,1,1,4,"""The Austin school district calendar lists 64 different dates for either a state-mandated test or make-up test."""
5737,Pants-fire,False,False,both_wrong_same,1,1,5,"""I have always said that I would be for drilling."""
5749,Half-true,Barely-true,False,both_wrong_different,1,2,3,Says his Texas election fraud investigations have resulted in 50 convictions.
5788,True,False,False,both_wrong_same,4,4,2,"Says the Congressional Budget Office has estimated ""every penny of the federal budget will go to interest on the debt and entitlement spending by 2025."""
5790,Half-true,False,False,both_wrong_same,2,2,3,"At the same time gas prices have increased, ""the share of the oil market controlled by speculators has more than doubled over the past 10 years."""
5810,Mostly-true,True,False,both_wrong_different,1,3,3,"The average Atlanta resident ""spends an extra $924 each year in additional gasoline and wasted time."""
5815,Barely-true,False,False,both_wrong_same,1,1,2,"Says ""Bill Pascrell voted to eliminate all estate taxes for billionaires, and I voted no."""
5849,Mostly-true,Mostly-true,Half-true,arg_only_right,0,1,3,"""The United States already has the highest corporate tax rate in the world."""
5928,Mostly-true,Mostly-true,False,arg_only_right,0,3,2,"There are ""49 different federal job training programs that report to eight agencies."""
5940,Barely-true,Barely-true,False,arg_only_right,0,1,4,"President Obama ""promised"" families making less than $250,000 a year would not see taxes go up, but ""Obamacare raises 18 different taxes."""
5959,False,Pants-fire,False,flat_only_right,1,0,4,"Says Jon Runyan voted to ""end programs to aid homeless veterans."""
5967,Barely-true,Pants-fire,False,both_wrong_different,2,1,4,"Says he fought for the repeal of a septic tank inspection program after ""Tallahassee pulled a fast one."""
5973,Barely-true,Pants-fire,Barely-true,flat_only_right,2,0,4,"""Obama’s flush with cash, returning to Wall Street for even more money. … Wall Street sure supports President Obama."""
6057,True,True,False,arg_only_right,0,4,2,Says Barack Obama has played nearly 100 rounds of golf as president.
6058,Half-true,Mostly-true,False,both_wrong_different,1,2,1,"""More Hispanics have fallen into poverty under Obama."""
6083,Barely-true,False,False,both_wrong_same,1,1,2,"Citizens Property Insurance has ""over $500 billion worth of risk, with less than $10 billion worth of surplus."""
6110,Half-true,False,False,both_wrong_same,2,2,3,"Barack Obama has ""provided guns to Mexican drug cartels."""
6162,Half-true,Pants-fire,False,both_wrong_different,3,2,4,"Obama has ""racked up more debt than any president in history — over $5 trillion."""
6236,Barely-true,Pants-fire,False,both_wrong_different,2,1,2,"The United States can immediately tap a domestic energy resource of ""more than 1.5 trillion barrels of oil, six times more than Saudi Arabia."""
6310,Mostly-true,Mostly-true,False,arg_only_right,0,3,2,"""Nearly 100,000 people get shot every year. That's 270 people a day and 87 dead."""
6450,Pants-fire,Pants-fire,False,arg_only_right,0,1,2,"Says the federal government ""mandates transexuals (sic) and homosexuals grabbing children in their stranger-danger zones in the name of airport security."""
6473,True,True,False,arg_only_right,0,4,1,Says Paul Ryan's budget relies on the same $700 billion in savings from Medicare that Mitt Romney and other Republicans have been attacking Democrats about.
6509,Barely-true,False,False,both_wrong_same,1,1,3,"Tim Kaine supported ""higher energy costs for families."""
6566,False,False,False,both_correct,0,0,1,"Says Chris Christie was the ""first governor in America to endorse"" Mitt Romney."
6579,Half-true,Barely-true,False,both_wrong_different,1,2,5,"Says ""President Obama and his National Labor Relations Board"" sued Boeing over its decision to open a plant in South Carolina."
6743,False,False,False,both_correct,0,0,1,"Says ""the governor is going around the state talking about [how] we should fund an income tax cut"" that benefits higher income earners and not lower income earners"
6769,Half-true,False,False,both_wrong_same,2,2,3,"Says scientists predict ""sometime in the future, an event that will kill … somewhere between 80 and 90 million people."""
6782,Pants-fire,Pants-fire,False,arg_only_right,0,1,3,"""Barack Hussein Obama will ... force local authorities to allow Occupy protesters to live in parks."""
6794,Mostly-true,Half-true,False,both_wrong_different,1,3,2,"""Had the online change of address been in place in 2008 an estimated 130,000 voters who cast provisional ballots could have changed their address online and voted a regular ballot."""
6811,Mostly-true,Half-true,Barely-true,both_wrong_different,1,2,3,"Chinese tire imports threatened 1,000 American jobs, so President Obama ""stood up to China and protected American workers. Mitt Romney attacked Obama's decision."""
6848,Barely-true,False,False,both_wrong_same,1,1,2,"""When Congressman Langevin took office, gas was around $1.70 per gallon, and now it is near $4 per gallon."""
6922,Barely-true,Pants-fire,False,both_wrong_different,2,1,5,"Says Adam Hasner ""gives the wealthy tax breaks worth $250,000 a year but hikes middle class taxes $2,000."""
6982,Half-true,Pants-fire,False,both_wrong_different,3,2,2,"""A few months ago when you were asked what's the biggest geopolitical threat facing America, you said Russia."""
7008,Mostly-true,Mostly-true,Half-true,arg_only_right,0,1,4,"""6,400 Ohioans ... lost manufacturing jobs in the month of September."""
7073,Barely-true,Half-true,False,both_wrong_different,1,1,4,"""Mitt Romney made over a hundred million dollars by shutting down (a Marion, Ind. paper) plant."""
7078,Mostly-true,Mostly-true,Half-true,arg_only_right,0,1,2,"""Texas’ population is projected to double in the next 50 years or so, but our basic amount of water will remain about where it is now."""
7164,True,False,False,both_wrong_same,4,4,2,"Agriculture ""is the strongest industry in Ohio."""
7181,Barely-true,Half-true,False,both_wrong_different,1,1,4,"President Barack Obama’s Fiscal Year 2013 budget proposal ""couldn't get support from either party in the House or the Senate."""
7183,True,False,False,both_wrong_same,4,4,3,"Says budget savings by reducing pay and benefits for federal employees total $103 billion over 10 years -- more than $50,000 per worker."
7224,False,False,False,both_correct,0,0,3,U.S. Sen. Saxby Chambliss votes more with Democrats than with conservatives.
7244,False,False,Barely-true,arg_only_right,0,1,2,"""The amount of money that we put into running our own state legislature is nearly as much as we put into the University of Rhode Island."""
7262,Mostly-true,Mostly-true,False,arg_only_right,0,3,4,"In 2010, 2,694 young people were killed by gunfire. 1,773 were victims of homicide; 67 were elementary school-age children."
7268,Mostly-true,Mostly-true,False,arg_only_right,0,3,4,"""Nearly a quarter of all adults in this state have some college credit without a degree."""
7297,False,False,False,both_correct,0,0,2,"Under President Barack Obama, ""8.3 (million) fewer Americans are working today than there were four years ago."""
7306,True,Mostly-true,False,both_wrong_different,1,4,3,"""Spending of government money is 17 percent less than it was a decade ago."""
7410,Mostly-true,False,False,both_wrong_same,3,3,2,"Comic strip says government study shows Head Start ""has little or no impact on the children it’s supposed to help."""
7427,Mostly-true,True,Barely-true,both_wrong_different,1,2,3,Says Travis County's unemployment rate is below the national average while its poverty rate exceeds the national average--and local poverty is rising.
7492,True,True,False,arg_only_right,0,4,1,"""In 32 other states and Washington D.C., they [voters] can avoid the wait by voting before Election Day."""
7497,Half-true,Barely-true,False,both_wrong_different,1,2,3,"The Legislature needs to spend $500 million to ""shore up"" the pension fund this year and the next 28 years to keep it ""afloat."""
7504,True,Mostly-true,Half-true,both_wrong_different,1,2,2,"""More than 80 percent of Americans believe we need to have universal background checks."""
7509,False,False,False,both_correct,0,0,2,Georgia has the most lax gun laws in the nation.
7561,Barely-true,Pants-fire,False,both_wrong_different,2,1,2,"Every day, ""about 100 people will be arrested for possession of marijuana in Georgia."""
7567,False,Pants-fire,False,flat_only_right,1,0,3,"""This (parent trigger) legislation was drafted by President Obama's top advisers. It was drafted by President Clinton’s top advisers."""
7577,Mostly-true,Mostly-true,False,arg_only_right,0,3,1,"When students leave our high schools and they go to the community college, 70-75 percent of them have to pay to take remedial math."
7590,Barely-true,Pants-fire,False,both_wrong_different,2,1,5,"""Almost 1,000 people a day"" are moving to Florida ""because they are more free here than they are in some other states."""
7609,Pants-fire,Pants-fire,False,arg_only_right,0,1,5,"""A report by the US General Accountability Office (GAO) in 2008 found that the disposal of Katrina wastes by AshBritt in the south resulted in the creation of contaminated sites along the Gulf Coast and two new Superfund sites in New Orleans."""
7635,Half-true,Half-true,False,arg_only_right,0,2,2,"When the NECAP proficiency test is re-given to the kids the second and third time, harder questions are taken out."
7672,False,Pants-fire,False,flat_only_right,1,0,3,"Proposed immigration legislation would give new immigrants ""a taxpayer-funded cellular phone."""
7706,Half-true,Half-true,Half-true,both_correct,0,0,2,"""Narragansett Bay waters are getting warmer -- 4 degrees Fahrenheit warmer in the winter since the 1960s."""
7767,Mostly-true,Half-true,False,both_wrong_different,1,3,1,"A Wisconsin bill to limit use of food stamps for junk food would also ""prevent -- or limit --  the extent to which"" food stamps could be used for organic foods."
7771,Half-true,False,False,both_wrong_same,2,2,3,"""Two years ago Providence alone spent $50,000 a year notifying the school department"" about residents in the state's sex offender registry."
7780,Barely-true,Pants-fire,Half-true,both_wrong_different,2,1,1,"""Over the last several months, there was a review board headed by two distinguished Americans, Mike Mullen and Tom Pickering, who investigated every element of"" the Benghazi incident."
7834,True,False,False,both_wrong_same,4,4,1,"""Nothing in the Constitution explicitly guarantees our right to vote."""
7881,Mostly-true,Half-true,False,both_wrong_different,1,3,2,"The problem of unwanted sexual contacts in the military ""is not just a woman's issue. More than half of the victims are men."""
7887,Pants-fire,False,False,both_wrong_same,1,1,3,Says two-thirds of groups targeted for IRS scrutiny were not conservative.
7895,Barely-true,Pants-fire,False,both_wrong_different,2,1,3,"""There hasn’t been a Republican in the legislature or the City Council in Providence in over 30 years."""
7986,Mostly-true,True,False,both_wrong_different,1,3,5,"Says under the Senate immigration bill, newly legalized immigrants will ""pay every tax possible, but you don’t get a single benefit"" for 10 years."
7996,False,False,False,both_correct,0,0,4,"""I’m the only candidate for governor who’s rolled out any policies so far."""
8011,True,True,False,arg_only_right,0,4,2,"Says Austin is the ""largest city in America without a congressional district anchored in it."""
8049,Mostly-true,True,False,both_wrong_different,1,3,3,"The oceans ""have become 30 percent more acidic."""
8151,False,Pants-fire,False,flat_only_right,1,0,3,"Of the roughly 15 percent of Americans who don’t have health insurance, ""half of them made more than $50,000 a year."""
8172,True,Mostly-true,Barely-true,both_wrong_different,1,3,2,"""We now sell more products made in America to the rest of the world than ever before."""
8303,Half-true,Half-true,False,arg_only_right,0,2,4,"Tuition at Rutgers has increased 10 percent since Gov. Chris Christie took office because he ""cut funding for higher education."""
8408,Pants-fire,Pants-fire,False,arg_only_right,0,1,3,"Congressional lawmakers earn their salaries ""FOR LIFE,"" which for House Minority Leader Nancy Pelosi would add up to ""$803,700 Dollars a year for LIFE including FREE medical."""
8432,False,False,False,both_correct,0,0,3,"Says Damascus’ disincorporation would produce ""NO significant tax savings."""
8433,Mostly-true,Mostly-true,Barely-true,arg_only_right,0,2,6,"""Property taxes have increased 20 percent under four years of Chris Christie."""
8485,False,False,False,both_correct,0,0,2,"""The insurance industry is actually run by mostly Democrats."""
8489,False,Pants-fire,False,flat_only_right,1,0,5,"Terry McAuliffe ""wants to raise your taxes $1,700 to pay for his infinite promises."""
8511,Half-true,Half-true,False,arg_only_right,0,2,4,"A planning group said that to meet anticipated traffic demands by 2035, Interstate 35 between Austin and Round Rock will need a dozen additional lanes going north and 14 additional southbound lanes."
8557,True,Mostly-true,Barely-true,both_wrong_different,1,3,1,"The United States ""has never been richer, if you look at per capita GDP."""
8558,False,Pants-fire,False,flat_only_right,1,0,3,"Rhode Island's unemployment insurance system ""is the most expensive such system in the country."""
8607,True,True,False,arg_only_right,0,4,2,"""I did not support the sequester."""
8722,True,Mostly-true,False,both_wrong_different,1,4,2,"""Forty percent of the country is going to be in states that are tolerant of gay marriage or at least civil unions."""
8727,Half-true,Half-true,False,arg_only_right,0,2,3,"The federal health care law tells ""the American people precisely what type of coverage they have to have."""
8758,Half-true,Half-true,Half-true,both_correct,0,0,4,"""Unemployment insurance kept more than 620,000 children out of poverty in 2012."""
8770,True,False,False,both_wrong_same,4,4,3,"""Trey Radel does not even qualify to drive a Lee County school bus at this point, yet he occupies a seat in Congress."""
8809,True,Mostly-true,Half-true,both_wrong_different,1,2,2,"The average Georgia family makes $6,000 less than the average family did 10 years ago when inflation is factored in."
8830,Half-true,False,Half-true,flat_only_right,2,0,2,"""The $18.8 billion in funding for K-12 education funding is the highest in Florida history and includes a record $10.6 billion in state funds."""
8838,True,True,False,arg_only_right,0,4,2,"There is ""more oil produced at home than we buy from the rest of the world – the first time that’s happened in nearly 20 years."""
8853,False,Pants-fire,False,flat_only_right,1,0,3,"Says President Barack Obama ""spent nearly a trillion dollars on make-work government jobs."""
8874,Barely-true,Pants-fire,False,both_wrong_different,2,1,2,Says he didn't tell viewers that the Obama campaign hid news about the motives behind the attack in Benghazi because Obama was running for re-election.
8986,Mostly-true,Half-true,Half-true,both_wrong_same,1,1,2,"""Fewer black and Latino men participate in the labor force, compared to young white men."""
8994,Barely-true,False,Barely-true,flat_only_right,1,0,4,"""We are seeing dramatic rate cuts"" to Medicare that will affect seniors’ ability to keep their doctor, hospital and prevention services."
9001,Half-true,False,False,both_wrong_same,2,2,2,"""Florida high schools are four out of the top 10 in the entire United States."""
9052,Mostly-true,False,False,both_wrong_same,3,3,2,"Dan Patrick ""called for increasing the gas tax and the state sales tax."""
9134,Barely-true,Pants-fire,False,both_wrong_different,2,1,3,"""Less than 1 percent of 1 percent of the American population has given an amount over $200"" to a federal political campaign."
9231,False,False,False,both_correct,0,0,2,"""More than 1,000 American soldiers have lost their lives in Afghanistan in the last 27 months. This is more than the combined total of the nine years before."""
9238,Pants-fire,False,False,both_wrong_same,1,1,2,"Says Charlie Crist's campaign bashed Sen. Bill Nelson's ""big-government solutions."""
9240,Half-true,False,Barely-true,both_wrong_different,2,1,3,"""Over 20 percent of the electorate is Hispanic"" in Florida."
9251,Mostly-true,Mostly-true,Barely-true,arg_only_right,0,2,1,"Up ""to 45 percent"" of illegal immigrants ""are not people that physically crossed the southern border or northern border. They are visa overstayers."""
9276,Pants-fire,False,False,both_wrong_same,1,1,2,"Says gubernatorial candidate Clay Pell ""hasn't spent a dime on advertising."""
9305,Pants-fire,Pants-fire,False,arg_only_right,0,1,2,Wendy Davis raised money for a U.S. House Democrat who is a member of a Democratic socialists group.
9355,Half-true,Pants-fire,False,both_wrong_different,3,2,3,"In Texas, ""a faceless hospital panel can deny life-sustaining care, giving you only 10 days to find another facility for your mother, dad, or young child, even if the patient is conscious."""
9376,Barely-true,Pants-fire,False,both_wrong_different,2,1,3,"Senate immigration legislation is the ""Obama-Reid plan to give illegal immigrants amnesty."""
9387,Half-true,Half-true,False,arg_only_right,0,2,2,"Florida has ""the most errors and exonerations from death row."""
9437,Half-true,Half-true,False,arg_only_right,0,2,3,"Under Wisconsin law, ""anyone who knows anything about a John Doe"" secret criminal investigation ""can't talk about it."""
9462,Mostly-true,Half-true,False,both_wrong_different,1,3,4,"When Rick Scott ""was deposed in lawsuits about his company, he took the Fifth 75 times."""
9502,Mostly-true,Mostly-true,Half-true,arg_only_right,0,1,4,"""The United States is the only developed country in the world without paid maternity leave."""
9511,Half-true,Mostly-true,False,both_wrong_different,1,2,4,U.S. Senate candidate Michelle Nunn has avoided taking a stand on Obamacare.
9516,Barely-true,Pants-fire,False,both_wrong_different,2,1,4,"""Wendy Davis’ legal work is currently under FBI investigation."""
9546,Half-true,False,Half-true,flat_only_right,2,0,3,"A statewide poll showing 76 percent support and other surveys are a ""strong indicator"" of  broad public support in Milwaukee County for a $10.10 minimum wage"
9550,Barely-true,Half-true,False,both_wrong_different,1,1,2,"""A salesclerk at Hobby Lobby who needs contraception … is not going to get that service through her employer’s health care plan because her employer doesn’t think she should be using contraception."""
9553,False,False,False,both_correct,0,0,3,"Says children are coming into the U.S. in ""staggering numbers"" because  President Barack Obama ""has been promising amnesty."""
9577,Mostly-true,Mostly-true,Half-true,arg_only_right,0,1,4,"""There are more than 46 million Americans living in poverty today -- the largest number in 54 years."""
9604,Half-true,False,False,both_wrong_same,2,2,2,"Republicans ""went out of the way to praise (Eric) Holder's nomination. ... Not a single Republican senator opposed Eric Holder's nomination."""
9606,Barely-true,False,False,both_wrong_same,1,1,4,"""We are accepting more legal immigrants than we ever have in the history (of the United States.)"""
9632,Mostly-true,False,False,both_wrong_same,3,3,2,"There are fewer wars, there are fewer people dying in wars ""now than there have been in quite some time."""
9678,Mostly-true,False,False,both_wrong_same,3,3,2,"The United States is the leading nation in the world ""with the highest amount of doubt about the conventional wisdom of climate change."""
9679,Barely-true,False,False,both_wrong_same,1,1,3,"Says Mark Pryor ""continues to insist"" that Obamacare is ""an amazing success."""
9683,Pants-fire,Pants-fire,False,arg_only_right,0,1,2,"""I'm not a conspiracy theorist and I never allow conspiracy theorists on my program."""
9713,Half-true,Half-true,Half-true,both_correct,0,0,3,"Gwinnett County government has made ""significant cutbacks in staffing."""
9731,Barely-true,Barely-true,False,arg_only_right,0,1,5,"""All Aboard Florida is a 100 percent private venture. There is no state money involved."""
9793,Barely-true,False,False,both_wrong_same,1,1,2,"""In six years, (U.S. Rep. Gary) Peters introduced zero bills that became law."""
9804,Half-true,Barely-true,False,both_wrong_different,1,2,2,"Says Iowa Republican Senate candidate Joni Ernst ""would privatize Social Security."""
9973,Half-true,Mostly-true,False,both_wrong_different,1,2,7,"Based on current trends, ""15.5 million girls will be married in the next 16 years as children."""
9992,Pants-fire,Pants-fire,False,arg_only_right,0,1,3,"The non-profit group Feeding America is lying when it claims ""that one in five kids is fighting starvation daily"" in the United States."
10027,True,True,False,arg_only_right,0,4,1,"More women were killed by their husbands or boyfriends since Sept. 11 than ""all the Americans who were killed by 9/11 or in Afghanistan and Iraq."""
10040,Half-true,Half-true,False,arg_only_right,0,2,2,"Muslim nations did not ""call out"" the people who celebrated the 9/11 attacks."
10045,False,False,False,both_correct,0,0,3,"Milwaukee police and firefighters ""are routinely getting 4 percent raises annually while everybody else is either getting zero or one percent raises."""
10048,Barely-true,False,False,both_wrong_same,1,1,2,Michelle Nunn ranks agriculture issues as the 18th most important items facing Georgia.
10062,False,Pants-fire,False,flat_only_right,1,0,2,"""We were told there would never be a case of Ebola in the United States."""
10092,Pants-fire,Pants-fire,False,arg_only_right,0,1,3,"""In 2013,"" Dan Patrick voted ""against funding to test the backlog of rape kits, allowing rapists to walk free."""
10097,Pants-fire,Pants-fire,False,arg_only_right,0,1,3,"""Elorza wants to teach our public school children about the ‘non-existence of God.’"""
10111,False,False,Barely-true,arg_only_right,0,1,7,"""While (Charlie Crist) was governor, utility costs went up 30 percent and went from below the national average to above the national average. Since I got elected, utility rates have come down 11 percent and now we are below the average."""
10158,False,False,False,both_correct,0,0,2,"""Scott Walker opposed a plan to help Wisconsin students refinance their student loans."""
10165,Pants-fire,Pants-fire,False,arg_only_right,0,1,2,"""If Cory Gardner gets his way, you'd better stock up on condoms."""
10171,Mostly-true,Mostly-true,False,arg_only_right,0,3,3,Nathan Deal saved the HOPE scholarship program.
10219,Mostly-true,Half-true,False,both_wrong_different,1,3,2,"Republicans approved 12 times larger tax breaks for ""people making over 350 grand"" than for ""the average middle-class person."""
10222,Half-true,Barely-true,False,both_wrong_different,1,2,3,"""The Democratic leader in the Senate, Harry Reid, has blocked any vote on the Keystone pipeline for years."""
10229,Mostly-true,Mostly-true,Half-true,arg_only_right,0,1,2,"Repeal of Obamacare would ""take away health care for 10.3 million Americans"" who have received coverage since Oct. 1, 2013."
10275,True,False,False,both_wrong_same,4,4,2,"""Too many"" tattoos ""on visible body parts"" keep some applicants out of the military."
10279,Pants-fire,Pants-fire,Pants-fire,both_correct,0,0,1,"Says a man in Ferguson, Mo., was photographed holding a sign that said, ""No mother should have to fear for her son's life every time he robs a store."""
10296,False,Pants-fire,False,flat_only_right,1,0,1,"""The pass rate for a high school level test to join the military"" is 35 to 40 percent."
10309,Mostly-true,False,False,both_wrong_same,3,3,2,"The federal budget bill ""reauthorizes the Overseas Private Investment Corporation, which provides taxpayer dollars so that the Four Seasons hotel can build a resort in Turkey."""
10344,Barely-true,Barely-true,False,arg_only_right,0,1,7,"""We've caught Iran cheating on the interim (nuclear) deal."""
10363,False,Pants-fire,False,flat_only_right,1,0,1,"""When Disney was looking to build Disney World, they came to Miami and we told Disney to take a hike."""
10398,Mostly-true,True,False,both_wrong_different,1,3,4,"""Currently, Florida is one of only five states in the nation that prohibit citizens from buying electricity from companies that will put solar panels on your home or business."""
10425,Half-true,False,Half-true,flat_only_right,2,0,3,"Since Rick Perry became governor, ""poverty rates in Texas increased from 15.1% to 17.5% — which is higher than the national average."""
10451,Half-true,Half-true,False,arg_only_right,0,2,4,"The Affordable Care Act ""basically puts a penalty or a tax on employers for every new job they create."""
10493,Mostly-true,Half-true,False,both_wrong_different,1,3,3,"""The Obama administration is refusing to directly arm the Kurds."""
10584,False,Pants-fire,False,flat_only_right,1,0,4,"""A lot of people who go into prison straight, and when they come out they’re gay."""
10623,Mostly-true,False,Mostly-true,flat_only_right,3,0,2,"Wisconsin is ""dead last in the Midwest for job creation."""
10640,Barely-true,False,Barely-true,flat_only_right,1,0,4,"Says Israel Prime Minister Benjamin Netanyahu ""didn't change his position"" on a two-state solution."
10645,Pants-fire,False,False,both_wrong_same,1,1,4,"Recent solar energy policies in Georgia ""have resulted in rate hikes and did not result in solar becoming any more economically viable."""
10667,Mostly-true,Mostly-true,Half-true,arg_only_right,0,1,2,"""Inflation-adjusted defense spending has declined 21 percent since 2010, and even if we discount the drawdowns in Iraq and Afghanistan, it has still declined by a dangerous 12 percent."""
10680,False,Pants-fire,False,flat_only_right,1,0,3,"By allowing brewpubs to sell beer, Georgia could become like Mexico with only a couple of manufacturers controlling all aspects of market."
10694,Pants-fire,Pants-fire,False,arg_only_right,0,1,2,"Says President Ronald Reagan ""had a month of job creation of 1 million."""
10712,False,Pants-fire,False,flat_only_right,1,0,3,"""The founders of New Hampshire came up with the motto Live Free or Die."""
10725,False,Pants-fire,False,flat_only_right,1,0,2,"""U.S. police killed more people in just one month than the U.K.’s did in over a century."""
10742,Mostly-true,Half-true,False,both_wrong_different,1,3,3,"Says Loretta Lynch’s nomination ""has been now sitting there longer than the previous seven attorney general nominees combined."""
10743,Half-true,True,Half-true,flat_only_right,2,0,3,"""Medicaid expansion isn’t necessarily a very popular issue on the street."""
10757,False,False,False,both_correct,0,0,3,"""I can tell you with certainty (cap and trade) would have a devastating impact on our economy."""
10838,Half-true,False,Barely-true,both_wrong_different,2,1,2,"The Fair Tax proposal encourages innovation and investment ""level the playing field"" for American companies to compete globally."
10868,Pants-fire,Pants-fire,False,arg_only_right,0,1,3,"Democrat ""Russ Feingold announced his Wisconsin Senate run today from…California."""
10946,False,False,False,both_correct,0,0,3,"Says Scott Walker runs a state government that bans ""employees from talking about climate change."""
10955,Barely-true,Half-true,False,both_wrong_different,1,1,2,"""When was the last time you saw a Chevrolet in Japan? It doesn’t exist, folks."""
10964,Mostly-true,Mostly-true,False,arg_only_right,0,3,2,"Currently, almost 40 percent of people with HIV are not diagnosed until they already have developed AIDS. And that can be up to 10 years after they first are infected with HIV."
11027,Barely-true,Barely-true,False,arg_only_right,0,1,4,"""Hundreds of thousands of (illegal immigrants are) going to state and federal penitentiaries."""
11032,Pants-fire,Pants-fire,False,arg_only_right,0,1,1,A photograph of 21-year-old Hillary Clinton featured a Confederate battle flag in the background.
11078,Barely-true,Half-true,False,both_wrong_different,1,1,4,"""Obama keeps talking about getting rid of all nuclear weapons. He’s already significantly reduced our capabilities there."""
11079,Pants-fire,Pants-fire,False,arg_only_right,0,1,2,"""Christian Pastor in Vermont Sentenced to One Year in Prison After Refusing to Marry Gay Couple"""
11082,Barely-true,False,Half-true,both_wrong_different,1,1,3,"""In a few months, this deal would give Iran $150 billion"" for its $300 billion to $400 billion economy, which is ""like $8 trillion flowing into the United States treasury."""
11105,False,Pants-fire,False,flat_only_right,1,0,1,"The Iran deal says that ""if any other country tries to undermine (Iran's) nuclear program, we have to help them defend themselves against Israel, Egypt, Saudis, our own allies."""
11147,Barely-true,Pants-fire,False,both_wrong_different,2,1,4,"Say President George W. Bush "" ‘borrowed’ $1.37 trillion of Social Security surplus revenue to pay for his tax cuts for the rich and his war in Iraq and never paid it back."""
11184,False,Pants-fire,False,flat_only_right,1,0,2,"Scott Walker ""had a 2.3 GPA when he was asked to leave Marquette University for cheating."""
11201,False,Pants-fire,False,flat_only_right,1,0,5,"Between 2008 and 2014, ""criminal aliens accounted for 38 percent of all murder convictions in the five states of California, Texas, Arizona, Florida and New York."""
11231,Half-true,Barely-true,False,both_wrong_different,1,2,2,"""Many of the great scholars say that anchor babies are not covered"" by the 14th Amendment."
11276,Mostly-true,False,False,both_wrong_same,3,3,5,"""There has never been a panther attack in the history of Florida."""
11344,Barely-true,False,False,both_wrong_same,1,1,3,"""When (Ronald) Reagan came in, from 1978 to 1982, economic growth averaged less than 1 percent a year. There’s only one other four-year period where that’s true. That’s true from 2008 to 2012."""
11363,Pants-fire,Pants-fire,Pants-fire,both_correct,0,0,3,"The unemployment rate may be as high as ""42 percent."""
11393,Pants-fire,Pants-fire,False,arg_only_right,0,1,1,"Pope Francis uses a modest compact car to get around, while Creflo Dollar drives an expensive sports car."
11480,Half-true,Half-true,False,arg_only_right,0,2,3,"Because of Obamacare ""people’s premiums ... are going up 35, 45, 55 percent."""
11510,True,True,False,arg_only_right,0,4,3,"Electric car sales in Georgia have dropped dramatically since a $5,000 tax credit was eliminated and a $200 annual registration fee was imposed July 1."
11513,Barely-true,Pants-fire,Half-true,both_wrong_different,2,1,4,"""It has been estimated that nearly 40 percent of all guns sold in America are sold by private, unlicensed sellers either online or through gun shows."""
11537,Mostly-true,Half-true,False,both_wrong_different,1,3,3,"""Our state has no major rivers to produce big hydropower."""
11539,Half-true,Half-true,Barely-true,arg_only_right,0,1,6,"Obamacare insurance cooperative failures ""should be expected"" because they're like any business, and ""when you start businesses in America, at the fifth year, half of the businesses have closed."""
11566,Half-true,Half-true,False,arg_only_right,0,2,5,"The Consumer Financial Protection Bureau has ""no congressional oversight."""
11592,Mostly-true,True,False,both_wrong_different,1,3,2,"""Forty-five states allow open carry of firearms."""
11620,Barely-true,Half-true,False,both_wrong_different,1,1,3,"Oregon’s Umpqua Community College ""where the shooting occurred was a gun-free zone."""
11625,Mostly-true,Mostly-true,False,arg_only_right,0,3,2,"""Road congestion costs rush hour drivers in Austin and Dallas more than $1,000 a year. And in Houston, it’s even more -- almost $1,500 a year."""
11642,Pants-fire,Pants-fire,False,arg_only_right,0,1,3,"President Barack Obama ""wants to take in 250,000 (people) from Syria."""
11661,False,Pants-fire,False,flat_only_right,1,0,1,"""If Trump had just put his father’s money in a mutual fund ... he’d have $8 billion."""
11676,Barely-true,Pants-fire,False,both_wrong_different,2,1,2,"""David Simpson actually voted for driver's licenses for illegal immigrants."""
11685,False,Pants-fire,False,flat_only_right,1,0,3,"Wisconsin ""is on pace to double the number of layoffs"" this year."
11704,Barely-true,Pants-fire,False,both_wrong_different,2,1,2,"Says President Barack Obama ""himself has granted waivers allowing into the United States refugees who provided material support to terrorists."""
11726,Barely-true,Half-true,False,both_wrong_different,1,1,4,"""Everywhere that we have more citizens carrying guns, crime is less. There's a study showing that where states have open carry or concealed carry, but particularly open carry, the crime is down 25 percent."""
11813,Barely-true,Barely-true,False,arg_only_right,0,1,3,"""Barack Obama, right now, No. 1, over seven years has dramatically degraded our military."""
11851,Mostly-true,Half-true,False,both_wrong_different,1,3,4,"""90 percent of all pain medications are prescribed in the United States."""
11887,True,False,False,both_wrong_same,4,4,2,Says President John F. Kennedy released a star Green Bay Packer from military reserve duty so that he could play in the 1961 NFL Championship Game.
11895,Barely-true,False,False,both_wrong_same,1,1,3,"If the General Assembly does not address the state's structural deficit, ""more than 23,000 education professionals will be immediately yanked out of Pennsylvania schools."""
11917,True,True,False,arg_only_right,0,4,2,"North Korea’s missiles are ""not going to have a capability to reach the United States anytime real soon."""
11995,False,Pants-fire,Pants-fire,both_wrong_same,1,1,2,"Says Mahatma Gandhi once said, ""First they ignore you, then they laugh at you, then they fight you, then you win."""
11996,Barely-true,False,False,both_wrong_same,1,1,8,"U.S. global AIDS spending helped reduce ""political instability and violence"" by ""40 percent"" in recipient nations."
12002,Half-true,Mostly-true,False,both_wrong_different,1,2,2,"Says Donald Trump has written 10 checks to Hillary Clinton ""and four of those checks were not to her Senate campaign. … It was to her presidential campaign."""
12011,Half-true,False,False,both_wrong_same,2,2,5,"""The Great Wall of China, built 2,000 years ago, is 13,000 miles (long)."""
12012,Mostly-true,Mostly-true,False,arg_only_right,0,3,3,"""A single mother of two can’t qualify for basic healthcare through Medicaid if she makes more than $3,504 dollars a year."""
12063,Pants-fire,Pants-fire,Pants-fire,both_correct,0,0,2,"Says Hillary Clinton told the Des Moines Register on Aug. 8, 2015: ""I will get the NRA shut down for good if I become president. If we can ban handguns, we will do it."""
12091,Mostly-true,Mostly-true,False,arg_only_right,0,3,2,"""Given the results of the primary, the vote of one New Hampshire superdelegate is equal to the votes of about 10,000 grassroots activists."""
12130,False,Pants-fire,False,flat_only_right,1,0,3,"Says her representation of an ex-boyfriend ""who was then my friend"" in a family law case is ""something that lawyers do on a regular basis."""
12141,Barely-true,Half-true,False,both_wrong_different,1,1,4,"""The [Obama] administration’s regulatory assault on coal-fired energy has put thousands of Americans out of work"""
12160,Barely-true,Barely-true,False,arg_only_right,0,1,5,"Emory University students were provided counseling after someone wrote ""Trump 2016"" in chalk on campus."
12162,Half-true,Half-true,False,arg_only_right,0,2,5,"""Twenty-seven out-of-state pharmaceutical companies have raised more campaign dollars (against a drug price control measure) than all other state ballot measures have raised to date, combined."""
12186,Half-true,Half-true,False,arg_only_right,0,2,4,"""The economy always does better when there’s a Democrat in the White House."""
12192,Barely-true,Pants-fire,False,both_wrong_different,2,1,2,"When mentioning Villanova’s buzzer-beating win in the national championships, Hillary Clinton said: ""I love those come-from-behind victories."""
12200,Half-true,Barely-true,False,both_wrong_different,1,2,3,"Mexico receives ""approximately $24 billion a year in remittances from Mexican nationals working in the United States. The majority of that amount comes from illegal aliens."""
12244,True,True,False,arg_only_right,0,4,1,"In nine Democratic debates, ""We've not had one question about a woman's right to make her own decisions about reproductive health care, not one question."""
12252,False,Barely-true,False,flat_only_right,1,0,4,"""We’re the worst state in the country at moving people from welfare to work."""
12363,Barely-true,Half-true,False,both_wrong_different,1,1,3,"Says former state Sen. Kelli Ward ""wanted to ban our intelligence agencies from operating in Arizona."""
12381,True,True,Half-true,arg_only_right,0,2,2,"""The United States has a low voter turnout rate."""
12389,Mostly-true,False,False,both_wrong_same,3,3,3,"""The Chinese last year probably stole $360 billion in intellectual property from the United States."""
12428,Pants-fire,Pants-fire,Barely-true,arg_only_right,0,2,2,"""Look, we are at war with these people and they don't wear uniforms. … This is a war against people that are vicious, violent people, that we have no idea who they are, where they come from. We are allowing tens of thousands of them into our country now."""
12446,Half-true,Half-true,False,arg_only_right,0,2,3,"""Hypocrisy at the Clinton Foundation: Top male staff made on average $218,029 while top female staff made $153,014 from 2010-2014."""
12455,Mostly-true,Half-true,False,both_wrong_different,1,3,2,"""More people today are leaving Virginia than moving in."""
12456,Barely-true,Pants-fire,Barely-true,flat_only_right,2,0,5,"It's entirely possible that the Democratic nominee, [Hillary Clinton], earned more money giving a single speech on Wall Street than I made the six years that I was there back in the 1980s… In fact, it’s quite likely."
12477,Half-true,False,False,both_wrong_same,2,2,2,"Says Donald Trump ""says he has foreign policy experience because he ran the Miss Universe pageant in Russia."""
12535,Pants-fire,Pants-fire,False,arg_only_right,0,1,1,"""ISIS is running through a border made porous by Barack Obama’s policies."""
12552,True,True,False,arg_only_right,0,4,3,"Says Kelly Ayotte ""voted again yesterday against a proposal to expand background checks -- (buyers) can continue to simply go online or to gun shows to purchase guns without background checks."""
12568,False,Pants-fire,False,flat_only_right,1,0,3,"Says Hillary Clinton’s immigration platform would ""create totally open borders."""
12623,Half-true,Mostly-true,False,both_wrong_different,1,2,4,"Says Kelly Ayotte ""stands with the Washington gun lobby. They fund her campaigns."""
12651,Barely-true,Half-true,False,both_wrong_different,1,1,3,"""Rather than work to secure the border, (Marco Rubio) supported Obama’s amnesty plan for illegal immigrants."""
12658,Mostly-true,Half-true,False,both_wrong_different,1,3,2,"""We got the highest vote count in the history of the Republican Party."""
12684,Half-true,Half-true,False,arg_only_right,0,2,4,"""Today, there are more Hoosiers going to work than ever before in the 200-year history of the great state of Indiana."""
12902,True,False,False,both_wrong_same,4,4,2,"Says Scott Walker's ""listening sessions"" are ""invite-only and excluding the press."""
12994,Mostly-true,Mostly-true,False,arg_only_right,0,3,4,"""The Clinton Foundation is a charity where President and Secretary Clinton and their daughter, they take no salary, they get no money from it, they take no personal benefit from it."""
12999,Pants-fire,Pants-fire,False,arg_only_right,0,1,3,"""And while (Ted) Strickland proposed cuts for services for children, he wasted over $250,000 remodeling his bathrooms at the governor’s mansion."""
13000,Barely-true,False,False,both_wrong_same,1,1,5,"Democrats ""are cutting our school funding. Four times in the last 10 years before we came into office."""
13006,True,False,False,both_wrong_same,4,4,3,"Tom Reed ""has actually voted for every single trade deal that has ever come before him in any form."""
13071,Pants-fire,False,False,both_wrong_same,1,1,1,"""My opponent has no child care plan."""
13082,Pants-fire,Pants-fire,False,arg_only_right,0,1,4,"""I finished"" the controversy about where President Barack Obama was born."
13085,False,False,False,both_correct,0,0,4,"""300,000 Floridians have lost their health insurance"" as a result of Obamacare."
13092,True,False,False,both_wrong_same,4,4,3,"""In the mid 1990s, in our state, (Florida was) No. 1 in violent crime in America. ... The only concern I had was for the citizens of Florida, who were subjected to a violent crime every three minutes and 45 seconds."""
13116,Mostly-true,Half-true,False,both_wrong_different,1,3,3,"""Welcome to #Houston, the most #diverse city in #America."""
13118,True,True,False,arg_only_right,0,4,1,"""Most private sector jobs in the history of Buffalo exist in Buffalo today"""
13136,True,True,Barely-true,arg_only_right,0,3,2,"According to ""independent experts,"" Donald Trump's tax plan ""would blow up the debt by over $5 trillion and would in some instances disadvantage middle-class families compared to the wealthy."""
13155,False,Pants-fire,False,flat_only_right,1,0,3,"Says Ron Johnson ""helped companies ship jobs overseas."""
13163,Half-true,Half-true,False,arg_only_right,0,2,2,"""If you look at any real analysis,"" the Trans-Pacific Partnership is ""going to generate better-paying jobs that are more stable."""
13184,Mostly-true,Mostly-true,False,arg_only_right,0,3,3,"Says Tim Kaine ""actually tried to raise taxes by about $4 billion."""
13188,False,Barely-true,False,flat_only_right,1,0,4,"""10 cents on the dollar from the Clinton Foundation goes to charitable causes."""
13205,True,Mostly-true,Barely-true,both_wrong_different,1,3,2,"""Repeated requests for additional security in Benghazi were routinely denied"" by Hillary ""Clinton’s State Department."""
13262,Barely-true,Barely-true,False,arg_only_right,0,1,3,"Says Libya ""Ambassador (Christopher) Stevens sent 600 requests for help"" in Benghazi."
13263,Half-true,Half-true,False,arg_only_right,0,2,3,"Says Donald Trump’s plan to repeal the estate tax would mean the Walmart Walton family would ""get a $53 billion tax break."""
13277,True,True,False,arg_only_right,0,4,1,"""Marco Rubio made it clear: Not only does he think Donald Trump is a con man, he went on to say he doesn't trust Donald Trump with the nuclear codes."""
13298,Half-true,Half-true,False,arg_only_right,0,2,3,"""What the District of Columbia was trying to do (with its handgun ban) was to protect toddlers from guns."""
13309,Pants-fire,Pants-fire,False,arg_only_right,0,1,2,"When Hillary Clinton ""ran the State Department, $6 billion was missing. How do you miss $6 billion? You ran the State Department, $6 billion was either stolen — they don't know."""
13387,Pants-fire,Pants-fire,False,arg_only_right,0,1,3,"""One of George Soros' companies has provided some of the (voting) machines"" for some states."
13405,Half-true,Half-true,False,arg_only_right,0,2,2,"""One in five American households have nobody under the same roof that's got a job."""
13444,Barely-true,Pants-fire,False,both_wrong_different,2,1,5,"""There’s a section in the Constitution called the Emoluments Clause that says no one, nor their spouses, can take money from foreigners. (Hillary Clinton) has to be guilty of 70 or 100 counts just on that one charge."""
13456,False,False,False,both_correct,0,0,1,"""1928 was last time Republicans had the White House, the House and the Senate."""
13484,Pants-fire,Pants-fire,False,arg_only_right,0,1,2,"Harambe received 15,000 votes in the presidential election."
13495,Mostly-true,Mostly-true,False,arg_only_right,0,3,3,"""In 2015 roughly 10,000 political arrests occurred in Cuba. That is five times as many as occurred in 2010, when there were only about 2,000."""
13520,Mostly-true,False,False,both_wrong_same,3,3,3,"""More than two-thirds of the aliens the Obama administration has brought to the United States under the president's Central American Minors program weren’t actually minors at all."""
